{
  "image_count": 39,
  "image_size": {
    "width": 3024,
    "height": 4032
  },
  "tag_size_meters": 0.055,
  "camera_matrix": [
    [
      2912.7682124472135,
      0.0,
      1220.1714262975374
    ],
    [
      0.0,
      2940.838106764059,
      1787.8659445981837
    ],
    [
      0.0,
      0.0,
      1.0
    ]
  ],
  "distortion_coefficients": [
    [
      0.29562348693228185,
      -0.5099426050119418,
      -0.05660263384626864,
      -0.03667309444481906,
      0.3777940029697494
    ]
  ],
  "rms": 1.7255717489184423,
  "mean_reprojection_error": 1.7255727676922077
}