{
  "image_count": 50,
  "image_size": {
    "width": 3024,
    "height": 4032
  },
  "tag_size_meters": 0.02,
  "camera_matrix": [
    [
      3113.77859832086,
      0.0,
      1532.7351314415516
    ],
    [
      0.0,
      3113.0056666253236,
      1993.9143858383131
    ],
    [
      0.0,
      0.0,
      1.0
    ]
  ],
  "distortion_coefficients": [
    [
      0.33734910715062183,
      -2.534655226014084,
      0.0006702963462201285,
      0.002892134823481313,
      6.538774059136475
    ]
  ],
  "rms": 0.5956687435217464,
  "mean_reprojection_error": 0.5956595168020624
}